{
    "function": "bin.ensemble.main",
    "config": {
        "seeds": [
            10,
            11,
            12,
            13,
            14
        ]
    },
    "single_model_function": "bin.ffn.main",
    "data": ":data/california",
    "prediction_type": null,
    "metrics": {
        "train": {
            "rmse": 0.41261949773860673,
            "mae": 0.2859637563855255,
            "r2": 0.8736015802762842,
            "score": -0.41261949773860673
        },
        "val": {
            "rmse": 0.48388286165000594,
            "mae": 0.31800200371817056,
            "r2": 0.8204248317495361,
            "score": -0.48388286165000594
        },
        "test": {
            "rmse": 0.49102858424469004,
            "mae": 0.33083892724764397,
            "r2": 0.8150940118898328,
            "score": -0.49102858424469004
        }
    }
}
