{
    "function": "bin.ffn.main",
    "gpus": [
        "NVIDIA A100 80GB PCIe"
    ],
    "config": {
        "seed": 5,
        "batch_size": 256,
        "patience": 16,
        "n_epochs": Infinity,
        "data": {
            "seed": 0,
            "cache": true,
            "path": ":data/california",
            "num_policy": "quantile",
            "cat_policy": null,
            "y_policy": "standard"
        },
        "optimizer": {
            "type": "AdamW",
            "lr": 0.0007543170459842909,
            "weight_decay": 0.0
        },
        "model": {
            "num_embeddings": null,
            "backbone": {
                "type": "MLP",
                "n_blocks": 3,
                "d_layer": 99,
                "dropout": 0.14151838345197293,
                "activation": "ReLU"
            }
        }
    },
    "n_parameters": 20791,
    "prediction_type": null,
    "best_epoch": 120,
    "metrics": {
        "train": {
            "rmse": 0.42129856579585245,
            "mae": 0.2921723018424487,
            "r2": 0.8682283150992334,
            "score": -0.42129856579585245
        },
        "val": {
            "rmse": 0.4911618227912836,
            "mae": 0.3256904608745934,
            "r2": 0.8149815678214192,
            "score": -0.4911618227912836
        },
        "test": {
            "rmse": 0.49711500620065,
            "mae": 0.3348161304914328,
            "r2": 0.8104816840303618,
            "score": -0.49711500620065
        }
    },
    "time": "0:00:15",
    "chunk_size": null,
    "eval_batch_size": 32768
}
