{
    "function": "bin.tabr_main.main",
    "gpus": [
        "NVIDIA A100 80GB PCIe"
    ],
    "config": {
        "seed": 0,
        "batch_size": 256,
        "patience": 16,
        "n_epochs": Infinity,
        "context_size": 96,
        "data": {
            "seed": 0,
            "cache": true,
            "path": ":data/churn",
            "num_policy": "quantile",
            "cat_policy": "ordinal",
            "y_policy": null
        },
        "model": {
            "num_embeddings": null,
            "d_main": 128,
            "context_dropout": 0.4072526399472316,
            "d_multiplier": 2.0,
            "encoder_n_blocks": 0,
            "predictor_n_blocks": 1,
            "mixer_normalization": "auto",
            "dropout0": 0.4464799742742301,
            "dropout1": 0.0,
            "normalization": "LayerNorm",
            "activation": "ReLU"
        },
        "optimizer": {
            "type": "AdamW",
            "lr": 0.00012852202346146056,
            "weight_decay": 0.0
        }
    },
    "n_parameters": 150913,
    "prediction_type": "logits",
    "best_epoch": 6,
    "metrics": {
        "train": {
            "0": {
                "precision": 0.878586800573888,
                "recall": 0.9613422291993721,
                "f1-score": 0.9181034482758621,
                "support": 5096.0
            },
            "1": {
                "precision": 0.7609223300970874,
                "recall": 0.4808282208588957,
                "f1-score": 0.5892857142857143,
                "support": 1304.0
            },
            "accuracy": 0.8634375,
            "macro avg": {
                "precision": 0.8197545653354877,
                "recall": 0.7210852250291339,
                "f1-score": 0.7536945812807883,
                "support": 6400.0
            },
            "weighted avg": {
                "precision": 0.85461266471424,
                "recall": 0.8634375,
                "f1-score": 0.8511068349753695,
                "support": 6400.0
            },
            "cross-entropy": 0.34622471427433665,
            "roc-auc": 0.8586314539973611,
            "score": 0.8634375
        },
        "val": {
            "0": {
                "precision": 0.8783106657122405,
                "recall": 0.9631083202511774,
                "f1-score": 0.9187570198427555,
                "support": 1274.0
            },
            "1": {
                "precision": 0.7684729064039408,
                "recall": 0.4785276073619632,
                "f1-score": 0.5897920604914934,
                "support": 326.0
            },
            "accuracy": 0.864375,
            "macro avg": {
                "precision": 0.8233917860580906,
                "recall": 0.7208179638065704,
                "f1-score": 0.7542745401671245,
                "support": 1600.0
            },
            "weighted avg": {
                "precision": 0.8559312222531744,
                "recall": 0.864375,
                "f1-score": 0.8517304093749358,
                "support": 1600.0
            },
            "cross-entropy": 0.3527994398592231,
            "roc-auc": 0.8533506370929683,
            "score": 0.864375
        },
        "test": {
            "0": {
                "precision": 0.8729438457175269,
                "recall": 0.9661016949152542,
                "f1-score": 0.9171632896305125,
                "support": 1593.0
            },
            "1": {
                "precision": 0.7721518987341772,
                "recall": 0.44963144963144963,
                "f1-score": 0.5683229813664596,
                "support": 407.0
            },
            "accuracy": 0.861,
            "macro avg": {
                "precision": 0.8225478722258521,
                "recall": 0.7078665722733519,
                "f1-score": 0.7427431354984861,
                "support": 2000.0
            },
            "weighted avg": {
                "precision": 0.8524326845064153,
                "recall": 0.861,
                "f1-score": 0.8461742868987778,
                "support": 2000.0
            },
            "cross-entropy": 0.3607918024362056,
            "roc-auc": 0.8425436222046392,
            "score": 0.861
        }
    },
    "time": "0:00:07",
    "chunk_size": null,
    "eval_batch_size": 32768
}
