{
    "function": "bin.ensemble.main",
    "config": {
        "seeds": [
            5,
            6,
            7,
            8,
            9
        ]
    },
    "single_model_function": "bin.ffn.main",
    "data": ":data/california",
    "prediction_type": null,
    "metrics": {
        "train": {
            "rmse": 0.42201610697333836,
            "mae": 0.29168519501052614,
            "r2": 0.867779068321677,
            "score": -0.42201610697333836
        },
        "val": {
            "rmse": 0.48607267058694575,
            "mae": 0.31968672995329683,
            "r2": 0.8187958151632908,
            "score": -0.48607267058694575
        },
        "test": {
            "rmse": 0.4916596761068406,
            "mae": 0.3322342532936986,
            "r2": 0.8146184151153205,
            "score": -0.4916596761068406
        }
    }
}
