{
    "function": "bin.ffn.main",
    "gpus": [
        "NVIDIA A100 80GB PCIe"
    ],
    "config": {
        "seed": 10,
        "batch_size": 256,
        "patience": 16,
        "n_epochs": Infinity,
        "data": {
            "seed": 0,
            "cache": true,
            "path": ":data/california",
            "num_policy": "quantile",
            "cat_policy": null,
            "y_policy": "standard"
        },
        "optimizer": {
            "type": "AdamW",
            "lr": 0.0007543170459842909,
            "weight_decay": 0.0
        },
        "model": {
            "num_embeddings": null,
            "backbone": {
                "type": "MLP",
                "n_blocks": 3,
                "d_layer": 99,
                "dropout": 0.14151838345197293,
                "activation": "ReLU"
            }
        }
    },
    "n_parameters": 20791,
    "prediction_type": null,
    "best_epoch": 133,
    "metrics": {
        "train": {
            "rmse": 0.41965333169146024,
            "mae": 0.29379096445128994,
            "r2": 0.8692554689834217,
            "score": -0.41965333169146024
        },
        "val": {
            "rmse": 0.4918682210652574,
            "mae": 0.32709903423419107,
            "r2": 0.8144489821361143,
            "score": -0.4918682210652574
        },
        "test": {
            "rmse": 0.5019639090463954,
            "mae": 0.34030964960575005,
            "r2": 0.8067665131788808,
            "score": -0.5019639090463954
        }
    },
    "time": "0:00:16",
    "chunk_size": null,
    "eval_batch_size": 32768
}
