{
    "function": "bin.ffn.main",
    "gpus": [
        "NVIDIA A100 80GB PCIe"
    ],
    "config": {
        "seed": 8,
        "batch_size": 256,
        "patience": 16,
        "n_epochs": Infinity,
        "data": {
            "seed": 0,
            "cache": true,
            "path": ":data/california",
            "num_policy": "quantile",
            "cat_policy": null,
            "y_policy": "standard"
        },
        "optimizer": {
            "type": "AdamW",
            "lr": 0.0007543170459842909,
            "weight_decay": 0.0
        },
        "model": {
            "num_embeddings": null,
            "backbone": {
                "type": "MLP",
                "n_blocks": 3,
                "d_layer": 99,
                "dropout": 0.14151838345197293,
                "activation": "ReLU"
            }
        }
    },
    "n_parameters": 20791,
    "prediction_type": null,
    "best_epoch": 144,
    "metrics": {
        "train": {
            "rmse": 0.40689650096311963,
            "mae": 0.2807110755067175,
            "r2": 0.877083534551392,
            "score": -0.40689650096311963
        },
        "val": {
            "rmse": 0.48982245896382165,
            "mae": 0.31871649394234325,
            "r2": 0.8159892570085541,
            "score": -0.48982245896382165
        },
        "test": {
            "rmse": 0.49409616746863244,
            "mae": 0.3308770435388304,
            "r2": 0.8127764875237292,
            "score": -0.49409616746863244
        }
    },
    "time": "0:00:17",
    "chunk_size": null,
    "eval_batch_size": 32768
}
