{
    "function": "bin.ensemble.main",
    "config": {
        "seeds": [
            0,
            1,
            2,
            3,
            4
        ]
    },
    "single_model_function": "bin.ffn.main",
    "data": ":data/california",
    "prediction_type": null,
    "metrics": {
        "train": {
            "rmse": 0.4098995485228766,
            "mae": 0.28520758727670703,
            "r2": 0.8752624979480412,
            "score": -0.4098995485228766
        },
        "val": {
            "rmse": 0.48351809507079474,
            "mae": 0.3187543681155276,
            "r2": 0.8206954805343247,
            "score": -0.48351809507079474
        },
        "test": {
            "rmse": 0.4882226892127836,
            "mae": 0.3311391881585237,
            "r2": 0.8172012000169514,
            "score": -0.4882226892127836
        }
    }
}
