{
    "function": "bin.ffn.main",
    "gpus": [
        "NVIDIA A100 80GB PCIe"
    ],
    "config": {
        "seed": 9,
        "batch_size": 256,
        "patience": 16,
        "n_epochs": Infinity,
        "data": {
            "seed": 0,
            "cache": true,
            "path": ":data/california",
            "num_policy": "quantile",
            "cat_policy": null,
            "y_policy": "standard"
        },
        "optimizer": {
            "type": "AdamW",
            "lr": 0.0007543170459842909,
            "weight_decay": 0.0
        },
        "model": {
            "num_embeddings": null,
            "backbone": {
                "type": "MLP",
                "n_blocks": 3,
                "d_layer": 99,
                "dropout": 0.14151838345197293,
                "activation": "ReLU"
            }
        }
    },
    "n_parameters": 20791,
    "prediction_type": null,
    "best_epoch": 82,
    "metrics": {
        "train": {
            "rmse": 0.44285773015966867,
            "mae": 0.30774488208927053,
            "r2": 0.8543969126497442,
            "score": -0.44285773015966867
        },
        "val": {
            "rmse": 0.49838806022075316,
            "mae": 0.33204042053888116,
            "r2": 0.8094973402905659,
            "score": -0.49838806022075316
        },
        "test": {
            "rmse": 0.4994295306192146,
            "mae": 0.34189016133511885,
            "r2": 0.8087128140242894,
            "score": -0.4994295306192146
        }
    },
    "time": "0:00:11",
    "chunk_size": null,
    "eval_batch_size": 32768
}
