{
    "function": "bin.ffn.main",
    "gpus": [
        "NVIDIA A100 80GB PCIe"
    ],
    "config": {
        "seed": 7,
        "batch_size": 256,
        "patience": 16,
        "n_epochs": Infinity,
        "data": {
            "seed": 0,
            "cache": true,
            "path": ":data/california",
            "num_policy": "quantile",
            "cat_policy": null,
            "y_policy": "standard"
        },
        "optimizer": {
            "type": "AdamW",
            "lr": 0.0007543170459842909,
            "weight_decay": 0.0
        },
        "model": {
            "num_embeddings": null,
            "backbone": {
                "type": "MLP",
                "n_blocks": 3,
                "d_layer": 99,
                "dropout": 0.14151838345197293,
                "activation": "ReLU"
            }
        }
    },
    "n_parameters": 20791,
    "prediction_type": null,
    "best_epoch": 115,
    "metrics": {
        "train": {
            "rmse": 0.4342402749663555,
            "mae": 0.30294105339805455,
            "r2": 0.8600082884417222,
            "score": -0.4342402749663555
        },
        "val": {
            "rmse": 0.49516405510166606,
            "mae": 0.32800562779888054,
            "r2": 0.8119540405291372,
            "score": -0.49516405510166606
        },
        "test": {
            "rmse": 0.5062036291803477,
            "mae": 0.34343352524530957,
            "r2": 0.8034885229385151,
            "score": -0.5062036291803477
        }
    },
    "time": "0:00:14",
    "chunk_size": null,
    "eval_batch_size": 32768
}
