{
    "function": "bin.ffn.main",
    "gpus": [
        "NVIDIA A100 80GB PCIe"
    ],
    "config": {
        "seed": 0,
        "batch_size": 256,
        "patience": 16,
        "n_epochs": Infinity,
        "data": {
            "seed": 0,
            "cache": true,
            "path": ":data/california",
            "num_policy": "quantile",
            "cat_policy": null,
            "y_policy": "standard"
        },
        "optimizer": {
            "type": "AdamW",
            "lr": 0.0007543170459842909,
            "weight_decay": 0.0
        },
        "model": {
            "num_embeddings": null,
            "backbone": {
                "type": "MLP",
                "n_blocks": 3,
                "d_layer": 99,
                "dropout": 0.14151838345197293,
                "activation": "ReLU"
            }
        }
    },
    "n_parameters": 20791,
    "prediction_type": null,
    "best_epoch": 179,
    "metrics": {
        "train": {
            "rmse": 0.39390787540519623,
            "mae": 0.2737851517037395,
            "r2": 0.8848055714621226,
            "score": -0.39390787540519623
        },
        "val": {
            "rmse": 0.486553001567776,
            "mae": 0.3186556531472462,
            "r2": 0.8184375158780928,
            "score": -0.486553001567776
        },
        "test": {
            "rmse": 0.49330257924166415,
            "mae": 0.33068794937919677,
            "r2": 0.8133774294630088,
            "score": -0.49330257924166415
        }
    },
    "time": "0:00:21",
    "chunk_size": null,
    "eval_batch_size": 32768
}
